{"cameraMode":{"drawMode":0,"name":"Shaded","section":"Shading Mode"},"sceneLighting":false,"audioPlay":false,"sceneViewState":{"m_AlwaysRefresh":false,"showFog":true,"showSkybox":false,"showFlares":true,"showImageEffects":true,"showParticleSystems":true,"showVisualEffectGraphs":true,"m_FxEnabled":true},"in2DMode":false,"pivot":{"x":14.39372730255127,"y":0.7218079566955566,"z":-2.154952049255371},"rotation":{"x":-0.03238598629832268,"y":-0.02157987840473652,"z":0.0006959568709135056,"w":-0.9992483854293823},"size":0.8660253882408142,"orthographic":false}