{"cameraMode":{"drawMode":0,"name":"Shaded","section":"Shading Mode"},"sceneLighting":true,"audioPlay":false,"sceneViewState":{"m_AlwaysRefresh":false,"showFog":true,"showSkybox":true,"showFlares":true,"showImageEffects":true,"showParticleSystems":true,"showVisualEffectGraphs":true,"m_FxEnabled":true},"in2DMode":false,"pivot":{"x":-1.1320085525512696,"y":7.492837429046631,"z":4.022835731506348},"rotation":{"x":-0.5058825016021729,"y":0.0007851912523619831,"z":-0.00045604154001921415,"w":-0.8626151084899902},"size":15.622363090515137,"orthographic":false}