{"cameraMode":{"drawMode":0,"name":"Shaded","section":"Shading Mode"},"sceneLighting":false,"audioPlay":false,"sceneViewState":{"m_AlwaysRefresh":false,"showFog":true,"showSkybox":false,"showFlares":true,"showImageEffects":true,"showParticleSystems":true,"showVisualEffectGraphs":true,"m_FxEnabled":true},"in2DMode":false,"pivot":{"x":-4.396966934204102,"y":0.9950299859046936,"z":7.597579002380371},"rotation":{"x":0.03018094412982464,"y":-0.9651289582252502,"z":0.12902528047561646,"w":0.22577059268951417},"size":6.3396735191345219,"orthographic":false}