{"cameraMode":{"drawMode":0,"name":"Shaded","section":"Shading Mode"},"sceneLighting":false,"audioPlay":false,"sceneViewState":{"m_AlwaysRefresh":false,"showFog":true,"showSkybox":false,"showFlares":true,"showImageEffects":true,"showParticleSystems":true,"showVisualEffectGraphs":true,"m_FxEnabled":true},"in2DMode":false,"pivot":{"x":-10.556638717651368,"y":1.2606502771377564,"z":12.812541007995606},"rotation":{"x":0.017301015555858613,"y":-0.10479214042425156,"z":0.0018235084135085345,"w":0.9943532347679138},"size":2.875974655151367,"orthographic":false}