{"cameraMode":{"drawMode":0,"name":"Shaded","section":"Shading Mode"},"sceneLighting":false,"audioPlay":false,"sceneViewState":{"m_AlwaysRefresh":false,"showFog":true,"showSkybox":false,"showFlares":true,"showImageEffects":true,"showParticleSystems":true,"showVisualEffectGraphs":true,"m_FxEnabled":true},"in2DMode":false,"pivot":{"x":-1.1274340152740479,"y":-0.005559511948376894,"z":4.0712714195251469},"rotation":{"x":0.18650318682193757,"y":-0.08975425362586975,"z":0.017114531248807908,"w":0.9782000184059143},"size":0.9957094192504883,"orthographic":false}