{"cameraMode":{"drawMode":0,"name":"Shaded","section":"Shading Mode"},"sceneLighting":false,"audioPlay":false,"sceneViewState":{"m_AlwaysRefresh":false,"showFog":true,"showSkybox":false,"showFlares":true,"showImageEffects":true,"showParticleSystems":true,"showVisualEffectGraphs":true,"m_FxEnabled":true},"in2DMode":false,"pivot":{"x":4.070427894592285,"y":0.6027387380599976,"z":13.95833683013916},"rotation":{"x":-0.0026536835357546808,"y":-0.6761311888694763,"z":-0.0024358248338103296,"w":0.7367809414863586},"size":4.8704142570495609,"orthographic":false}